/*
SQLyog Ultimate v11.33 (64 bit)
MySQL - 5.7.26-log : Database - ieps
*********************************************************************
*/

/*!40101 SET NAMES utf8 */;

/*!40101 SET SQL_MODE=''*/;

/*!40014 SET @OLD_UNIQUE_CHECKS=@@UNIQUE_CHECKS, UNIQUE_CHECKS=0 */;
/*!40014 SET @OLD_FOREIGN_KEY_CHECKS=@@FOREIGN_KEY_CHECKS, FOREIGN_KEY_CHECKS=0 */;
/*!40101 SET @OLD_SQL_MODE=@@SQL_MODE, SQL_MODE='NO_AUTO_VALUE_ON_ZERO' */;
/*!40111 SET @OLD_SQL_NOTES=@@SQL_NOTES, SQL_NOTES=0 */;
CREATE DATABASE /*!32312 IF NOT EXISTS*/`ieps` /*!40100 DEFAULT CHARACTER SET utf8 */;

USE `ieps`;

/*Table structure for table `ieps_file_hub` */

DROP TABLE IF EXISTS `ieps_file_hub`;

CREATE TABLE `ieps_file_hub` (
  `id` int(11) NOT NULL AUTO_INCREMENT,
  `type_num` varchar(30) DEFAULT '-1',
  `user_num` varchar(20) DEFAULT NULL,
  `academy` varchar(100) DEFAULT NULL COMMENT '上传人的所在学院',
  `file_name` varchar(100) DEFAULT NULL,
  `file_size` int(11) DEFAULT NULL,
  `file_kind` int(10) DEFAULT '0' COMMENT '-1：普通文件；0：重要通知文件；1：常用下载文件；2：申请项目文件；3：立项评审结果附件；4：中期检查评审结果附件；5：结题评审结果附件。',
  `create_time` datetime DEFAULT CURRENT_TIMESTAMP,
  `update_time` datetime DEFAULT CURRENT_TIMESTAMP,
  PRIMARY KEY (`id`)
) ENGINE=InnoDB AUTO_INCREMENT=18 DEFAULT CHARSET=utf8;

/*Data for the table `ieps_file_hub` */

insert  into `ieps_file_hub`(`id`,`type_num`,`user_num`,`academy`,`file_name`,`file_size`,`file_kind`,`create_time`,`update_time`) values (1,'20200124824747','17207303','软件学院','1577862427531-室内导航系统.docx',11980,2,'2020-01-01 15:07:07','2020-01-01 15:07:07'),(2,'20200124824747','17207303','软件学院','1577862447798-室内导航系统.docx',11980,2,'2020-01-01 15:07:27','2020-01-01 15:07:27'),(3,'20200124824747','17207303','软件学院','1577862468683-室内导航系统.docx',11980,2,'2020-01-01 15:07:48','2020-01-01 15:07:48'),(4,'20200124824747','17207303','软件学院','1577862469617-室内导航系统.docx',11980,2,'2020-01-01 15:07:49','2020-01-01 15:07:49'),(5,'20200124824747','17207303','软件学院','1577862469928-室内导航系统.docx',11980,2,'2020-01-01 15:07:49','2020-01-01 15:07:49'),(6,'20200124824747','17207303','软件学院','1577862470106-室内导航系统.docx',11980,2,'2020-01-01 15:07:50','2020-01-01 15:07:50'),(7,'20200124824747','17207303','软件学院','1577862470286-室内导航系统.docx',11980,2,'2020-01-01 15:07:50','2020-01-01 15:07:50'),(8,'20200124824747','17207303','软件学院','1577862470428-室内导航系统.docx',11980,2,'2020-01-01 15:07:50','2020-01-01 15:07:50'),(9,'20200124824747','17207303','软件学院','1577862471189-室内导航系统.docx',11980,2,'2020-01-01 15:07:51','2020-01-01 15:07:51'),(10,'20200124824747','17207303','软件学院','1577862483285-室内导航系统.docx',11980,2,'2020-01-01 15:08:03','2020-01-01 15:08:03'),(11,'20200124824747','17207303','软件学院','1577862496016-室内导航系统.docx',11980,2,'2020-01-01 15:08:16','2020-01-01 15:08:16'),(12,'20200141467654','17207303','软件学院','1577862623606-室内导航系统.docx',11980,2,'2020-01-01 15:10:23','2020-01-01 15:10:23'),(13,'20200129132539','17207304','软件学院','1577863786544-医院预约.docx',12016,2,'2020-01-01 15:29:46','2020-01-01 15:29:46'),(14,'20200176962000','17207305','软件学院','1577864278533-皮肤.docx',12143,2,'2020-01-01 15:37:58','2020-01-01 15:37:58'),(15,'20200100361696','17207306','软件学院','1577866703230-停车位.docx',12011,2,'2020-01-01 16:18:23','2020-01-01 16:18:23'),(16,'20200102856995','17207307','软件学院','1577866940106-森林报警.docx',12105,2,'2020-01-01 16:22:20','2020-01-01 16:22:20'),(17,' -1','100001','南昌航空大学','1577945909344-三小项目申报表.docx',12016,1,'2020-01-02 14:18:29','2020-01-02 14:18:29');

/*Table structure for table `ieps_inform` */

DROP TABLE IF EXISTS `ieps_inform`;

CREATE TABLE `ieps_inform` (
  `id` int(11) NOT NULL AUTO_INCREMENT COMMENT '系统通知id',
  `head` varchar(100) DEFAULT NULL COMMENT '通知标题',
  `publisher` varchar(20) DEFAULT NULL COMMENT '发布通知者',
  `role_id` int(20) DEFAULT NULL,
  `subject` varchar(100) DEFAULT NULL,
  `content` varchar(5000) DEFAULT NULL COMMENT '通知内容',
  `files` varchar(500) DEFAULT NULL,
  `pubdate` datetime DEFAULT NULL COMMENT '发布时间',
  `create_time` datetime DEFAULT CURRENT_TIMESTAMP COMMENT '创建时间',
  `update_time` datetime DEFAULT CURRENT_TIMESTAMP COMMENT '更新时间',
  PRIMARY KEY (`id`)
) ENGINE=InnoDB AUTO_INCREMENT=2 DEFAULT CHARSET=utf8;

/*Data for the table `ieps_inform` */

insert  into `ieps_inform`(`id`,`head`,`publisher`,`role_id`,`subject`,`content`,`files`,`pubdate`,`create_time`,`update_time`) values (1,'2019年三小项目申报流程','100001',200006,'南昌航空大学','<p>第一条&nbsp;根据《中华人民共和国教育法》、《中华人民共和国高等教育法》和国家及各省（市、区）教育主管部门普通高等学校招生工作相关文件规定，结合学校的具体情况，为规范招生行为，切实维护考生合法权益，制定本章程。</p>\n\n<p>第二条&nbsp;学校基本情况</p>\n\n<p>1、学校全称：南昌航空大学</p>\n\n<p>2、院校国标码：10406</p>\n\n<p>3、本部校址：江西省南昌市丰和南大道696号</p>\n\n<p>4、职教本科合作实验班合作的高职院校和学生就读学校校址：</p>\n\n<p>江西青年职业学院：江西省南昌市昌北经济技术开发区志敏大道1458号。</p>\n\n<p>5、办学层次：研究生、普通本科</p>\n\n<p>6、办学类型：公办、全日制普通高等院校</p>\n\n<p>7、上级主管部门：江西省教育厅</p>\n\n<p>第三条&nbsp;学校培养的本科生，毕业时所颁发学历证书的学校名称均为南昌航空大学，证书种类为普通高等教育毕业证书；对符合学士学位授予条件的本科毕业生，授予学士学位并颁发学位证书。</p>\n',NULL,'2020-01-02 14:17:40','2020-01-02 14:17:40','2020-01-02 14:17:40');

/*Table structure for table `ieps_item` */

DROP TABLE IF EXISTS `ieps_item`;

CREATE TABLE `ieps_item` (
  `item_id` int(11) NOT NULL AUTO_INCREMENT COMMENT '项目id',
  `item_num` varchar(20) DEFAULT NULL COMMENT '项目编号',
  `item_name` varchar(50) DEFAULT NULL COMMENT '项目名称',
  `leader_num` varchar(20) DEFAULT NULL COMMENT '项目负责人学号',
  `leader_name` varchar(50) DEFAULT NULL COMMENT '项目负责人',
  `tutor_num` varchar(20) DEFAULT NULL COMMENT '职工号',
  `tutor_name` varchar(50) DEFAULT NULL COMMENT '指导老师姓名',
  `item_status` int(11) DEFAULT NULL COMMENT '<!-- 项目状态：1：申请中；2：立项评审；3：已立项；4：立项失败；5：中期检查; 6: 待结题；7：结题评审；8：结题成功；9：结题失败-->',
  `item_date` datetime DEFAULT CURRENT_TIMESTAMP COMMENT '申报时间',
  `create_time` datetime DEFAULT CURRENT_TIMESTAMP COMMENT '创建时间',
  `update_time` datetime DEFAULT CURRENT_TIMESTAMP COMMENT '更新时间',
  PRIMARY KEY (`item_id`),
  KEY `item_num` (`item_num`)
) ENGINE=InnoDB AUTO_INCREMENT=6 DEFAULT CHARSET=utf8;

/*Data for the table `ieps_item` */

insert  into `ieps_item`(`item_id`,`item_num`,`item_name`,`leader_num`,`leader_name`,`tutor_num`,`tutor_name`,`item_status`,`item_date`,`create_time`,`update_time`) values (1,'20200141467654','基于微信小程序的室内导航系统','17207303','学生003','40000001','指导老师001',8,'2020-01-01 15:10:23','2020-01-01 15:10:23','2020-01-01 15:10:23'),(2,'20200129132539','医院预约优化','17207304','学生004','40000002','指导老师002',8,'2020-01-01 15:29:46','2020-01-01 15:29:46','2020-01-01 15:29:46'),(3,'20200176962000','皮肤病识别APP','17207305','学生005','40000003','指导老师003',1,'2020-01-01 15:37:58','2020-01-01 15:37:58','2020-01-01 15:37:58'),(4,'20200100361696','基于5G的车位视频桩','17207306','学生006','40000004','指导老师004',1,'2020-01-01 16:18:23','2020-01-01 16:18:23','2020-01-01 16:18:23'),(5,'20200102856995','森林火灾监测报警系统','17207307','学生007','40000005','指导老师005',1,'2020-01-01 16:22:20','2020-01-01 16:22:20','2020-01-01 16:22:20');

/*Table structure for table `ieps_item_info` */

DROP TABLE IF EXISTS `ieps_item_info`;

CREATE TABLE `ieps_item_info` (
  `id` int(11) NOT NULL AUTO_INCREMENT COMMENT '项目详细id',
  `item_num` varchar(30) DEFAULT NULL COMMENT '项目id',
  `item_level` int(11) DEFAULT '1' COMMENT '项目级别：1: 无；2：校级；3：省区级；4：国家级',
  `item_type` int(11) DEFAULT '1' COMMENT '项目类型：1：创新训练；2：创业训练；3：创业实践',
  `summary` varchar(500) DEFAULT NULL COMMENT '项目简介',
  `college_funds` decimal(10,2) DEFAULT '0.00' COMMENT '校拨经费',
  `govern_funds` decimal(10,2) DEFAULT '0.00' COMMENT '财政经费',
  `create_time` datetime DEFAULT CURRENT_TIMESTAMP COMMENT '创建时间',
  `update_time` datetime DEFAULT CURRENT_TIMESTAMP COMMENT '更新时间',
  PRIMARY KEY (`id`),
  KEY `item_num` (`item_num`)
) ENGINE=InnoDB AUTO_INCREMENT=6 DEFAULT CHARSET=utf8;

/*Data for the table `ieps_item_info` */

insert  into `ieps_item_info`(`id`,`item_num`,`item_level`,`item_type`,`summary`,`college_funds`,`govern_funds`,`create_time`,`update_time`) values (1,'20200141467654',1,1,'在室外露天厂商定位很容易，因为有GPS卫星和地上运营商的通信基站，其实在GPS卫星无法穿透的购物中心也并不难——因为国内购物中心内几乎都遍布了Wi-Fi热点，机场、火车站、图书馆、政府办公楼以及大型购物商城中遍布的Wi-Fi热点，完全可以充当起“小雷达”的作用，对用户进行室内定位和导航。并且利用Wi-Fi热点进行室内定位和导航，在技术层面已经成熟。','0.00','0.00','2020-01-01 15:10:23','2020-01-01 15:10:23'),(2,'20200129132539',1,1,'医院（Hospital）一词是来自于拉丁文原意为“客人”，因为一开始设立时，是供人避难，还备有休息间，使来者舒适，有招待意图。后来，才逐渐成为满足人类医疗需求，提供医疗服务的专业机构，收容和治疗病人的服务场所。','0.00','0.00','2020-01-01 15:29:46','2020-01-01 15:29:46'),(3,'20200176962000',1,1,'皮肤分表皮和真皮两层，表皮在皮肤表面，又可分成角质层和生发层两部分。已经角质化的细胞组成角质层，脱落后就成为皮屑。生发层细胞不断分裂，能补充脱落的角质层。生发层有黑色素细胞，产生的黑色素可以防止紫外线损伤内部组织。表皮属复层扁平上皮，真皮则是致密结缔组织，有许多弹力纤维和胶原纤维，故有弹性和韧性。真皮比表皮厚，有丰富的血管和神经。皮肤下面有皮下组织，属疏松结缔组织，有大量脂肪细胞。皮肤还有毛发、汗腺、皮脂腺、指(趾)甲等许多附属物','0.00','0.00','2020-01-01 15:37:58','2020-01-01 15:37:58'),(4,'20200100361696',1,1,'我国国家最新标准《汽车和挂车类型的术语和定义》(GB/T 3730．1—2001)中对汽车有如下定义：由动力驱动，具有4个或4个以上车轮的非轨道承载的车辆，主要用于：载运人员和（或）货物；牵引载运人员和(或)货物的车辆；特殊用途。\n汽车的品牌有：大众、现代、起亚、本田、丰田、吉利、长城、比亚迪、长安等（排名不分先后，不代表汽车质量，品牌未列举所有品牌）。','0.00','0.00','2020-01-01 16:18:23','2020-01-01 16:18:23'),(5,'20200102856995',1,1,'森林是以木本植物为主体的生物群落，是集中的乔木与其它植物、动物、微生物和土壤之间相互依存相互制约，并与环境相互影响，从而形成的一个生态系统的总体。它具有丰富的物种，复杂的结构，多种多样的功能。森林被誉为“地球之肺”。','0.00','0.00','2020-01-01 16:22:20','2020-01-01 16:22:20');

/*Table structure for table `ieps_perm` */

DROP TABLE IF EXISTS `ieps_perm`;

CREATE TABLE `ieps_perm` (
  `perm_id` int(11) NOT NULL AUTO_INCREMENT COMMENT '功能id',
  `perm_name` varchar(50) DEFAULT NULL COMMENT '功能名称',
  `perm_type` varchar(20) DEFAULT 'menu' COMMENT '权限类型（menu/permission）',
  `url` varchar(30) DEFAULT NULL COMMENT '功能链接',
  `icon` varchar(30) DEFAULT '&#xe63c;' COMMENT '菜单图标',
  `parent_id` int(11) DEFAULT NULL COMMENT '父菜单id',
  `perm_code` varchar(30) DEFAULT NULL COMMENT '具体权限',
  `perm_desc` varchar(50) DEFAULT NULL COMMENT '功能描述',
  `create_time` datetime DEFAULT CURRENT_TIMESTAMP COMMENT '创建时间',
  `update_time` datetime DEFAULT CURRENT_TIMESTAMP COMMENT '更新时间',
  PRIMARY KEY (`perm_id`)
) ENGINE=InnoDB AUTO_INCREMENT=300015 DEFAULT CHARSET=utf8;

/*Data for the table `ieps_perm` */

insert  into `ieps_perm`(`perm_id`,`perm_name`,`perm_type`,`url`,`icon`,`parent_id`,`perm_code`,`perm_desc`,`create_time`,`update_time`) values (300001,'基本设置','menu','','&#xe631;',-1,NULL,'基本设置','2019-01-10 18:14:28','2019-01-10 18:14:30'),(300002,'个人资料','permission','/pages/basic/userInfo.html','&#xe62a;',300001,NULL,'个人信息','2019-01-10 18:14:40','2019-01-10 18:14:42'),(300003,'修改密码','permission','/pages/basic/modifyPwd.html','&#xe642;',300001,NULL,'修改密码','2019-01-10 18:14:48','2019-01-10 18:14:50'),(300004,'项目管理','menu',NULL,'&#xe60a;',-1,NULL,'项目管理','2019-01-10 18:15:05','2019-01-10 18:15:07'),(300005,'所有项目','permission','/pages/item/allItem.html','&#xe630;',300004,NULL,'所有项目','2019-01-10 18:15:21','2019-01-10 18:15:24'),(300006,'立项阶段','permission','/pages/item/applyItem.html','&#xe64c;',300004,NULL,'立项阶段','2019-01-10 18:15:26','2019-01-10 18:15:28'),(300007,'中期检查','permission','/pages/item/inspectItem.html','&#xe62e;',300004,NULL,'中期检查','2019-01-10 18:15:34','2019-01-10 18:15:36'),(300008,'结题评审','permission','/pages/item/endItem.html','&#xe605;',300004,NULL,'结题阶段','2019-01-10 18:15:44','2019-01-10 18:15:46'),(300009,'系统管理','menu',NULL,'&#xe66c;',-1,NULL,NULL,'2019-05-25 12:39:39','2019-05-25 12:39:39'),(300010,'用户管理','permission','/pages/admin/userAdmin.html','&#xe770;',300009,NULL,'用户管理','2019-04-27 09:49:16','2019-04-27 09:49:16'),(300011,'角色管理','permission','/pages/admin/roleAdmin.html','&#xe63c;',300009,NULL,'角色管理','2019-05-14 23:03:30','2019-05-14 23:03:30'),(300012,'权限管理','permission','/pages/admin/permAdmin.html','&#xe656;',300009,NULL,'权限管理','2019-04-27 09:51:10','2019-04-27 09:51:10'),(300013,'通知管理','permission','/pages/admin/informAdmin.html','&#xe705;',300009,NULL,'通知管理','2019-04-27 13:37:06','2019-04-27 13:37:06'),(300014,'文件管理','permission','/pages/admin/fileAdmin.html','&#xe621;',300009,NULL,'文件管理','2019-05-03 23:33:27','2019-05-03 23:33:27');

/*Table structure for table `ieps_review` */

DROP TABLE IF EXISTS `ieps_review`;

CREATE TABLE `ieps_review` (
  `id` int(11) NOT NULL AUTO_INCREMENT COMMENT '评审id',
  `user_num` varchar(20) DEFAULT NULL COMMENT '评委职工号',
  `item_num` varchar(20) DEFAULT NULL COMMENT '项目id',
  `review_score` decimal(10,2) DEFAULT '0.00' COMMENT '评委打分',
  `review_option` varchar(200) DEFAULT NULL COMMENT '评审意见',
  `review_type` int(11) DEFAULT '1' COMMENT '评审类型：1：立项评审；2：中期检查；3：结题评审',
  `review_level` int(11) DEFAULT '1' COMMENT '评审级别： 1：院级评审；2：校级评审；3：省区级评审；4：国家级评审',
  `review_time` datetime DEFAULT CURRENT_TIMESTAMP COMMENT '评审时间',
  `create_time` datetime DEFAULT CURRENT_TIMESTAMP COMMENT '创建时间',
  `update_time` datetime DEFAULT CURRENT_TIMESTAMP COMMENT '更新时间',
  PRIMARY KEY (`id`)
) ENGINE=InnoDB AUTO_INCREMENT=3 DEFAULT CHARSET=utf8;

/*Data for the table `ieps_review` */

insert  into `ieps_review`(`id`,`user_num`,`item_num`,`review_score`,`review_option`,`review_type`,`review_level`,`review_time`,`create_time`,`update_time`) values (1,'20000001','20200141467654','8.50','ok',1,1,'2020-01-02 00:42:44','2020-01-02 00:42:44','2020-01-02 00:42:44'),(2,'20000002','20200129132539','9.10','创意新颖,思维缜密',1,1,'2020-01-02 00:49:57','2020-01-02 00:49:57','2020-01-02 00:49:57');

/*Table structure for table `ieps_role` */

DROP TABLE IF EXISTS `ieps_role`;

CREATE TABLE `ieps_role` (
  `role_id` int(11) NOT NULL COMMENT '角色id',
  `role_name` varchar(20) DEFAULT NULL COMMENT '角色名',
  `role_desc` varchar(50) DEFAULT NULL COMMENT '角色描述',
  `create_time` datetime DEFAULT CURRENT_TIMESTAMP COMMENT '创建时间',
  `update_time` datetime DEFAULT CURRENT_TIMESTAMP COMMENT '更新时间',
  PRIMARY KEY (`role_id`)
) ENGINE=InnoDB DEFAULT CHARSET=utf8;

/*Data for the table `ieps_role` */

insert  into `ieps_role`(`role_id`,`role_name`,`role_desc`,`create_time`,`update_time`) values (200001,'学生','学生','2019-01-10 18:02:11','2019-01-10 18:02:13'),(200002,'教师','教师','2019-01-10 18:02:45','2019-01-10 18:02:46'),(200003,'院内专家','院内专家','2019-01-10 18:03:38','2019-01-10 18:03:40'),(200004,'院内管理员','院内管理员','2019-01-10 18:04:08','2019-01-10 18:04:10'),(200005,'校内专家','校内专家','2019-01-10 18:04:24','2019-01-10 18:04:27'),(200006,'校内管理员','校内管理员','2019-01-10 18:04:41','2019-01-10 18:04:43');

/*Table structure for table `ieps_role_perm` */

DROP TABLE IF EXISTS `ieps_role_perm`;

CREATE TABLE `ieps_role_perm` (
  `id` int(11) unsigned NOT NULL AUTO_INCREMENT COMMENT '角色权限id',
  `role_id` int(11) DEFAULT NULL COMMENT '角色id',
  `perm_id` int(11) DEFAULT NULL COMMENT '权限id',
  `create_time` datetime DEFAULT CURRENT_TIMESTAMP COMMENT '创建时间',
  `update_time` datetime DEFAULT CURRENT_TIMESTAMP COMMENT '更新时间',
  PRIMARY KEY (`id`)
) ENGINE=InnoDB AUTO_INCREMENT=320075 DEFAULT CHARSET=utf8;

/*Data for the table `ieps_role_perm` */

insert  into `ieps_role_perm`(`id`,`role_id`,`perm_id`,`create_time`,`update_time`) values (320001,200001,300001,'2019-01-10 18:27:07','2019-01-10 18:27:11'),(320002,200001,300002,'2019-01-10 18:24:40','2019-01-10 18:24:41'),(320003,200001,300003,'2019-01-10 18:27:13','2019-01-10 18:27:15'),(320004,200001,300004,'2019-01-10 18:27:17','2019-01-10 18:27:21'),(320005,200001,300005,'2019-01-10 18:27:22','2019-01-10 18:27:24'),(320006,200001,300006,'2019-01-10 18:27:27','2019-01-10 18:27:28'),(320007,200001,300007,'2019-01-10 18:27:31','2019-01-10 18:27:32'),(320008,200001,300008,'2019-01-10 18:27:34','2019-01-10 18:27:36'),(320009,200001,300013,'2019-01-10 18:27:38','2019-01-10 18:27:40'),(320010,200002,300001,'2019-01-10 18:27:42','2019-01-10 18:27:44'),(320011,200002,300002,'2019-01-10 18:27:47','2019-01-10 18:27:49'),(320012,200002,300003,'2019-01-10 18:27:51','2019-01-10 18:27:53'),(320013,200002,300004,'2019-01-10 18:27:55','2019-01-10 18:27:57'),(320014,200002,300005,'2019-01-10 18:27:59','2019-01-10 18:28:01'),(320015,200002,300006,'2019-01-10 18:28:03','2019-01-10 18:28:05'),(320016,200002,300007,'2019-01-10 18:28:07','2019-01-10 18:28:09'),(320017,200002,300008,'2019-01-10 18:28:11','2019-01-10 18:28:13'),(320018,200002,300013,'2019-01-10 18:28:15','2019-01-10 18:28:17'),(320019,200003,300001,'2019-01-10 18:28:20','2019-01-10 18:28:23'),(320020,200003,300002,'2019-01-10 18:28:25','2019-01-10 18:28:27'),(320021,200003,300003,'2019-01-10 18:28:30','2019-01-10 18:28:33'),(320022,200003,300004,'2019-01-10 18:28:35','2019-01-10 18:28:37'),(320023,200003,300005,'2019-01-10 18:30:29','2019-01-10 18:30:31'),(320024,200003,300006,'2019-01-10 18:30:33','2019-01-10 18:30:35'),(320025,200003,300007,'2019-01-10 18:30:36','2019-01-10 18:30:38'),(320026,200003,300008,'2019-01-10 18:30:40','2019-01-10 18:30:42'),(320027,200003,300013,'2019-01-10 18:30:43','2019-01-10 18:30:45'),(320028,200004,300001,'2019-01-10 18:30:47','2019-01-10 18:30:48'),(320029,200004,300002,'2019-01-10 18:30:50','2019-01-10 18:30:52'),(320030,200004,300003,'2019-01-10 18:30:54','2019-01-10 18:30:56'),(320031,200004,300004,'2019-01-10 18:30:58','2019-01-10 18:31:00'),(320032,200004,300005,'2019-01-10 18:31:01','2019-01-10 18:31:05'),(320033,200004,300006,'2019-01-10 18:31:07','2019-01-10 18:31:10'),(320034,200004,300007,'2019-01-10 18:31:12','2019-01-10 18:31:15'),(320035,200004,300008,'2019-01-10 18:31:17','2019-01-10 18:31:20'),(320036,200004,300009,'2019-01-10 18:31:22','2019-01-10 18:31:25'),(320037,200004,300010,'2019-01-10 18:31:27','2019-01-10 18:31:30'),(320038,200004,300011,'2019-01-10 18:31:32','2019-01-10 18:31:49'),(320039,200004,300012,'2019-01-10 18:31:51','2019-01-10 18:31:54'),(320040,200004,300013,'2019-01-10 18:31:56','2019-01-10 18:31:58'),(320041,200004,300013,'2019-01-10 18:32:00','2019-01-10 18:32:03'),(320042,200005,300001,'2019-01-10 18:32:06','2019-01-10 18:32:08'),(320043,200005,300002,'2019-01-10 18:32:10','2019-01-10 18:32:13'),(320044,200005,300003,'2019-01-10 18:32:15','2019-01-10 18:32:18'),(320045,200005,300004,'2019-01-10 18:32:20','2019-01-10 18:32:23'),(320046,200005,300005,'2019-01-10 18:32:25','2019-01-10 18:32:27'),(320047,200005,300006,'2019-01-10 18:32:35','2019-01-10 18:32:40'),(320048,200005,300007,'2019-01-10 18:32:42','2019-01-10 18:32:45'),(320049,200005,300008,'2019-01-10 18:32:47','2019-01-10 18:32:50'),(320050,200005,300013,'2019-01-10 18:32:52','2019-01-10 18:32:54'),(320051,200006,300001,'2019-04-27 11:24:28','2019-04-27 11:24:28'),(320052,200006,300002,'2019-04-27 11:24:36','2019-04-27 11:24:36'),(320053,200006,300003,'2019-04-27 11:25:04','2019-04-27 11:25:04'),(320054,200006,300004,'2019-04-27 11:25:07','2019-04-27 11:25:07'),(320055,200006,300005,'2019-04-27 11:25:09','2019-04-27 11:25:09'),(320056,200006,300006,'2019-04-27 11:25:11','2019-04-27 11:25:11'),(320057,200006,300007,'2019-04-27 11:25:14','2019-04-27 11:25:14'),(320058,200006,300008,'2019-04-27 11:25:17','2019-04-27 11:25:17'),(320059,200006,300009,'2019-04-27 11:25:19','2019-04-27 11:25:19'),(320060,200006,300010,'2019-04-27 11:25:31','2019-04-27 11:25:31'),(320061,200006,300011,'2019-05-03 23:35:29','2019-05-03 23:35:29'),(320062,200006,300012,'2019-05-04 15:24:18','2019-05-04 15:24:18'),(320063,200006,300013,'2019-05-14 23:10:17','2019-05-14 23:10:17'),(320064,200006,300014,'2019-05-21 00:57:50','2019-05-21 00:57:50'),(320065,200006,300015,'2019-05-21 00:58:30','2019-05-21 00:58:30'),(320066,200006,300004,'2019-11-06 20:53:46','2019-11-06 20:53:46'),(320067,200006,300005,'2019-11-06 20:53:46','2019-11-06 20:53:46'),(320068,200006,300004,'2019-11-06 20:56:31','2019-11-06 20:56:31'),(320069,200006,300005,'2019-11-06 20:56:31','2019-11-06 20:56:31'),(320070,200002,300004,'2019-11-06 23:48:58','2019-11-06 23:48:58'),(320071,200002,300005,'2019-11-06 23:48:58','2019-11-06 23:48:58'),(320072,200002,300006,'2019-11-06 23:48:58','2019-11-06 23:48:58'),(320073,200002,300007,'2019-11-06 23:48:58','2019-11-06 23:48:58'),(320074,200002,300008,'2019-11-06 23:48:58','2019-11-06 23:48:58');

/*Table structure for table `ieps_user` */

DROP TABLE IF EXISTS `ieps_user`;

CREATE TABLE `ieps_user` (
  `user_num` varchar(20) NOT NULL COMMENT '学号/教师号',
  `user_pwd` varchar(50) DEFAULT '3905EF4E11AE1AA94F1D1F4603F8B5B6' COMMENT '密码',
  `user_status` int(2) DEFAULT '1' COMMENT '状态禁用/启用',
  `create_time` datetime DEFAULT CURRENT_TIMESTAMP COMMENT '创建时间',
  `update_time` datetime DEFAULT CURRENT_TIMESTAMP COMMENT '更新时间',
  PRIMARY KEY (`user_num`)
) ENGINE=InnoDB DEFAULT CHARSET=utf8;

/*Data for the table `ieps_user` */

insert  into `ieps_user`(`user_num`,`user_pwd`,`user_status`,`create_time`,`update_time`) values ('100001','3905EF4E11AE1AA94F1D1F4603F8B5B6',1,'2019-04-26 09:24:38','2019-04-26 09:24:38'),('100002','3905EF4E11AE1AA94F1D1F4603F8B5B6',1,'2019-11-11 00:03:48','2019-11-11 00:03:48'),('100003','3905EF4E11AE1AA94F1D1F4603F8B5B6',1,'2019-11-11 00:03:48','2019-11-11 00:03:48'),('100004','3905EF4E11AE1AA94F1D1F4603F8B5B6',1,'2019-11-11 00:03:48','2019-11-11 00:03:48'),('100005','3905EF4E11AE1AA94F1D1F4603F8B5B6',1,'2019-11-11 00:03:48','2019-11-11 00:03:48'),('100006','3905EF4E11AE1AA94F1D1F4603F8B5B6',1,'2019-11-11 00:03:48','2019-11-11 00:03:48'),('100007','3905EF4E11AE1AA94F1D1F4603F8B5B6',1,'2019-11-11 00:03:48','2019-11-11 00:03:48'),('100008','3905EF4E11AE1AA94F1D1F4603F8B5B6',1,'2019-11-11 00:03:48','2019-11-11 00:03:48'),('100009','3905EF4E11AE1AA94F1D1F4603F8B5B6',1,'2019-11-11 00:03:48','2019-11-11 00:03:48'),('100010','3905EF4E11AE1AA94F1D1F4603F8B5B6',1,'2019-11-11 00:03:48','2019-11-11 00:03:48'),('100011','3905EF4E11AE1AA94F1D1F4603F8B5B6',1,'2019-11-11 00:03:48','2019-11-11 00:03:48'),('100012','3905EF4E11AE1AA94F1D1F4603F8B5B6',1,'2019-11-11 00:17:55','2019-11-11 00:17:55'),('100013','3905EF4E11AE1AA94F1D1F4603F8B5B6',1,'2019-11-11 00:17:55','2019-11-11 00:17:55'),('100014','3905EF4E11AE1AA94F1D1F4603F8B5B6',1,'2019-11-11 00:17:55','2019-11-11 00:17:55'),('100015','3905EF4E11AE1AA94F1D1F4603F8B5B6',1,'2019-11-11 00:17:55','2019-11-11 00:17:55'),('100016','3905EF4E11AE1AA94F1D1F4603F8B5B6',1,'2019-11-11 00:17:55','2019-11-11 00:17:55'),('100017','3905EF4E11AE1AA94F1D1F4603F8B5B6',1,'2019-11-11 00:17:55','2019-11-11 00:17:55'),('100018','3905EF4E11AE1AA94F1D1F4603F8B5B6',1,'2019-11-11 00:17:55','2019-11-11 00:17:55'),('100019','3905EF4E11AE1AA94F1D1F4603F8B5B6',1,'2019-11-11 00:17:55','2019-11-11 00:17:55'),('16015001','3905EF4E11AE1AA94F1D1F4603F8B5B6',1,'2019-11-11 00:56:26','2019-11-11 00:56:26'),('16015002','3905EF4E11AE1AA94F1D1F4603F8B5B6',1,'2019-11-11 00:56:26','2019-11-11 00:56:26'),('16015003','3905EF4E11AE1AA94F1D1F4603F8B5B6',1,'2019-11-11 00:56:26','2019-11-11 00:56:26'),('16015004','3905EF4E11AE1AA94F1D1F4603F8B5B6',1,'2019-11-11 00:56:26','2019-11-11 00:56:26'),('16015005','3905EF4E11AE1AA94F1D1F4603F8B5B6',1,'2019-11-11 00:56:26','2019-11-11 00:56:26'),('16015006','3905EF4E11AE1AA94F1D1F4603F8B5B6',1,'2019-11-11 00:56:26','2019-11-11 00:56:26'),('16015007','3905EF4E11AE1AA94F1D1F4603F8B5B6',1,'2019-11-11 00:56:26','2019-11-11 00:56:26'),('16015008','3905EF4E11AE1AA94F1D1F4603F8B5B6',1,'2019-11-11 00:56:26','2019-11-11 00:56:26'),('16015009','3905EF4E11AE1AA94F1D1F4603F8B5B6',1,'2019-11-11 00:56:26','2019-11-11 00:56:26'),('16015010','3905EF4E11AE1AA94F1D1F4603F8B5B6',1,'2019-11-11 00:56:26','2019-11-11 00:56:26'),('16015011','3905EF4E11AE1AA94F1D1F4603F8B5B6',1,'2019-11-11 00:56:26','2019-11-11 00:56:26'),('16015012','3905EF4E11AE1AA94F1D1F4603F8B5B6',1,'2019-11-11 00:56:26','2019-11-11 00:56:26'),('16015013','3905EF4E11AE1AA94F1D1F4603F8B5B6',1,'2019-11-11 00:56:26','2019-11-11 00:56:26'),('16015014','3905EF4E11AE1AA94F1D1F4603F8B5B6',1,'2019-11-11 00:56:26','2019-11-11 00:56:26'),('16015015','3905EF4E11AE1AA94F1D1F4603F8B5B6',1,'2019-11-11 00:56:26','2019-11-11 00:56:26'),('16015016','3905EF4E11AE1AA94F1D1F4603F8B5B6',1,'2019-11-11 00:56:26','2019-11-11 00:56:26'),('16015017','3905EF4E11AE1AA94F1D1F4603F8B5B6',1,'2019-11-11 00:56:26','2019-11-11 00:56:26'),('16015018','3905EF4E11AE1AA94F1D1F4603F8B5B6',1,'2019-11-11 00:56:26','2019-11-11 00:56:26'),('16015019','3905EF4E11AE1AA94F1D1F4603F8B5B6',1,'2019-11-11 00:56:26','2019-11-11 00:56:26'),('16015020','3905EF4E11AE1AA94F1D1F4603F8B5B6',1,'2019-11-11 00:56:26','2019-11-11 00:56:26'),('17207303','3905EF4E11AE1AA94F1D1F4603F8B5B6',1,'2019-11-11 00:36:01','2019-11-11 00:36:01'),('17207304','3905EF4E11AE1AA94F1D1F4603F8B5B6',1,'2019-11-11 00:36:01','2019-11-11 00:36:01'),('17207305','3905EF4E11AE1AA94F1D1F4603F8B5B6',1,'2019-11-11 00:36:01','2019-11-11 00:36:01'),('17207306','3905EF4E11AE1AA94F1D1F4603F8B5B6',1,'2019-11-11 00:36:01','2019-11-11 00:36:01'),('17207307','3905EF4E11AE1AA94F1D1F4603F8B5B6',1,'2019-11-11 00:36:01','2019-11-11 00:36:01'),('17207308','3905EF4E11AE1AA94F1D1F4603F8B5B6',1,'2019-11-11 00:36:01','2019-11-11 00:36:01'),('17207309','3905EF4E11AE1AA94F1D1F4603F8B5B6',1,'2019-11-11 00:36:01','2019-11-11 00:36:01'),('17207310','3905EF4E11AE1AA94F1D1F4603F8B5B6',1,'2019-11-11 00:36:01','2019-11-11 00:36:01'),('17207311','3905EF4E11AE1AA94F1D1F4603F8B5B6',1,'2019-11-11 00:36:01','2019-11-11 00:36:01'),('17207312','3905EF4E11AE1AA94F1D1F4603F8B5B6',1,'2019-11-11 00:36:01','2019-11-11 00:36:01'),('17207313','3905EF4E11AE1AA94F1D1F4603F8B5B6',1,'2019-11-11 00:36:01','2019-11-11 00:36:01'),('17207314','3905EF4E11AE1AA94F1D1F4603F8B5B6',1,'2019-11-11 00:36:01','2019-11-11 00:36:01'),('17207315','3905EF4E11AE1AA94F1D1F4603F8B5B6',1,'2019-11-11 00:36:01','2019-11-11 00:36:01'),('17207316','3905EF4E11AE1AA94F1D1F4603F8B5B6',1,'2019-11-11 00:36:01','2019-11-11 00:36:01'),('17207317','3905EF4E11AE1AA94F1D1F4603F8B5B6',1,'2019-11-11 00:36:01','2019-11-11 00:36:01'),('17207318','3905EF4E11AE1AA94F1D1F4603F8B5B6',1,'2019-11-11 00:36:01','2019-11-11 00:36:01'),('17207319','3905EF4E11AE1AA94F1D1F4603F8B5B6',1,'2019-11-11 00:36:01','2019-11-11 00:36:01'),('17207320','3905EF4E11AE1AA94F1D1F4603F8B5B6',1,'2019-11-11 00:36:01','2019-11-11 00:36:01'),('20000001','3905EF4E11AE1AA94F1D1F4603F8B5B6',1,'2019-11-11 00:49:10','2019-11-11 00:49:10'),('20000002','3905EF4E11AE1AA94F1D1F4603F8B5B6',1,'2019-11-11 00:49:10','2019-11-11 00:49:10'),('20000003','3905EF4E11AE1AA94F1D1F4603F8B5B6',1,'2019-11-11 00:49:10','2019-11-11 00:49:10'),('20000004','3905EF4E11AE1AA94F1D1F4603F8B5B6',1,'2019-11-11 00:49:10','2019-11-11 00:49:10'),('20000005','3905EF4E11AE1AA94F1D1F4603F8B5B6',1,'2019-11-11 00:49:10','2019-11-11 00:49:10'),('20000006','3905EF4E11AE1AA94F1D1F4603F8B5B6',0,'2020-01-01 16:39:00','2020-01-01 16:39:00'),('30000001','3905EF4E11AE1AA94F1D1F4603F8B5B6',1,'2019-11-11 00:52:40','2019-11-11 00:52:40'),('40000001','3905EF4E11AE1AA94F1D1F4603F8B5B6',1,'2019-11-11 00:47:49','2019-11-11 00:47:49'),('40000002','3905EF4E11AE1AA94F1D1F4603F8B5B6',1,'2019-11-11 00:47:49','2019-11-11 00:47:49'),('40000003','3905EF4E11AE1AA94F1D1F4603F8B5B6',1,'2019-11-11 00:47:49','2019-11-11 00:47:49'),('40000004','3905EF4E11AE1AA94F1D1F4603F8B5B6',1,'2019-11-11 00:47:49','2019-11-11 00:47:49'),('40000005','3905EF4E11AE1AA94F1D1F4603F8B5B6',1,'2019-11-11 00:47:49','2019-11-11 00:47:49'),('41000001','3905EF4E11AE1AA94F1D1F4603F8B5B6',1,'2019-11-11 00:59:08','2019-11-11 00:59:08'),('41000002','3905EF4E11AE1AA94F1D1F4603F8B5B6',1,'2019-11-11 00:59:08','2019-11-11 00:59:08'),('41000003','3905EF4E11AE1AA94F1D1F4603F8B5B6',1,'2019-11-11 00:59:08','2019-11-11 00:59:08'),('41000004','3905EF4E11AE1AA94F1D1F4603F8B5B6',1,'2019-11-11 00:59:08','2019-11-11 00:59:08'),('41000005','3905EF4E11AE1AA94F1D1F4603F8B5B6',1,'2019-11-11 00:59:08','2019-11-11 00:59:08');

/*Table structure for table `ieps_user_info` */

DROP TABLE IF EXISTS `ieps_user_info`;

CREATE TABLE `ieps_user_info` (
  `id` int(11) NOT NULL AUTO_INCREMENT COMMENT '用户详细表id',
  `user_num` varchar(20) DEFAULT NULL COMMENT '用户账号',
  `user_name` varchar(50) DEFAULT '未命名' COMMENT '用户名',
  `user_img` varchar(50) DEFAULT '/hub/images/default.jpg' COMMENT '用户头像',
  `photo_num` varchar(15) DEFAULT NULL COMMENT '手机号码',
  `email` varchar(20) DEFAULT '12345@qq.com' COMMENT '邮箱',
  `title` int(5) DEFAULT '0' COMMENT '职称：0：学生；1：助理研究员；2：讲师；3：高级实验师；4：副教授；5：教授',
  `sex` int(5) DEFAULT '0' COMMENT '性别：0：男；1：女',
  `academy` varchar(50) DEFAULT '南昌航空大学' COMMENT '学院',
  `grade` varchar(10) DEFAULT '2015' COMMENT '年级',
  `major` varchar(30) DEFAULT NULL COMMENT '专业',
  `birth_date` date DEFAULT NULL COMMENT '出生日期',
  `create_time` datetime DEFAULT CURRENT_TIMESTAMP COMMENT '创建时间',
  `update_time` datetime DEFAULT CURRENT_TIMESTAMP COMMENT '更新时间',
  PRIMARY KEY (`id`),
  UNIQUE KEY `user_num` (`user_num`) USING BTREE COMMENT '用户userNum唯一'
) ENGINE=InnoDB AUTO_INCREMENT=300525 DEFAULT CHARSET=utf8;

/*Data for the table `ieps_user_info` */

insert  into `ieps_user_info`(`id`,`user_num`,`user_name`,`user_img`,`photo_num`,`email`,`title`,`sex`,`academy`,`grade`,`major`,`birth_date`,`create_time`,`update_time`) values (100001,'100001','学校管理员','/hub/images/hanxue01.jpg','18720582563','12345@qq.com',0,0,'南昌航空大学','','','1997-06-01','2019-04-26 11:56:47','2019-05-28 09:21:59'),(300433,'100002','材料学院管理员','/hub/images/default.jpg','18720582563','12345@qq.com',0,0,'材料科学与工程学院','2015','','2019-11-05','2019-11-11 00:03:48','2019-11-11 00:06:12'),(300434,'100003','环化学院管理员','/hub/images/default.jpg','18720582563','12345@qq.com',0,0,'环境与化学工程学院','2015','','2019-11-05','2019-11-11 00:03:48','2019-11-11 00:08:27'),(300435,'100004','航制学院管理员','/hub/images/default.jpg','18720582563','12345@qq.com',0,0,'航空制造工程学院','2015','','2019-11-05','2019-11-11 00:03:48','2019-11-11 00:08:34'),(300436,'100005','信工学院管理员','/hub/images/default.jpg','18720582563','12345@qq.com',0,0,'信息工程学院','2015','','2019-11-05','2019-11-11 00:03:48','2019-11-11 00:08:02'),(300437,'100006','外语学院管理员','/hub/images/default.jpg','18720582563','12345@qq.com',0,0,'外国语学院','2015','','2019-11-05','2019-11-11 00:03:48','2019-11-11 00:09:04'),(300438,'100007','数信学院管理员','/hub/images/default.jpg','18720582563','12345@qq.com',0,0,'数学与信息科学学院','2015','','2019-11-05','2019-11-11 00:03:48','2019-11-11 00:09:35'),(300439,'100008','测光学院管理员','/hub/images/default.jpg','18720582563','12345@qq.com',0,0,'测试与光电工程学院','2015','','2019-11-05','2019-11-11 00:03:48','2019-11-11 00:13:36'),(300440,'100009','经管学院管理员','/hub/images/default.jpg','18720582563','12345@qq.com',0,0,'经济管理学院','2015','','2019-11-05','2019-11-11 00:03:48','2019-11-11 00:13:55'),(300441,'100010','体育学院管理员','/hub/images/default.jpg','18720582563','12345@qq.com',0,0,'体育学院','2015','','2019-11-05','2019-11-11 00:03:48','2019-11-11 00:15:51'),(300442,'100011','土建学院管理员','/hub/images/default.jpg','18720582563','12345@qq.com',0,0,'土木建筑学院','2015','','2019-11-05','2019-11-11 00:03:48','2019-11-11 00:16:46'),(300443,'100012','艺设学院管理员','/hub/images/default.jpg','18720582563','12345@qq.com',0,0,'艺术与设计学院','2015','','2019-11-08','2019-11-11 00:17:55','2019-11-11 00:18:43'),(300444,'100013','马克思学院管理员','/hub/images/default.jpg','18720582563','12345@qq.com',0,0,'马克思主义学院','2015','','2019-11-08','2019-11-11 00:17:55','2019-11-11 00:19:20'),(300445,'100014','文法学院管理员','/hub/images/default.jpg','18720582563','12345@qq.com',0,0,'文法学院','2015','','2019-11-08','2019-11-11 00:17:55','2019-11-11 00:19:41'),(300446,'100015','音乐学院管理员','/hub/images/default.jpg','18720582563','12345@qq.com',0,0,'音乐学院','2015','','2019-11-08','2019-11-11 00:17:55','2019-11-11 00:20:50'),(300447,'100016','通航学院管理员','/hub/images/default.jpg','18720582563','12345@qq.com',0,0,'通航学院（民航学院）','2015','','2019-11-08','2019-11-11 00:17:55','2019-11-11 00:21:11'),(300448,'100017','软件学院管理员','/hub/images/default.jpg','18720582563','12345@qq.com',0,0,'软件学院','2015','','2019-11-08','2019-11-11 00:17:55','2019-11-11 00:21:50'),(300449,'100018','国防学院管理员','/hub/images/default.jpg','18720582563','12345@qq.com',0,0,'国防生教育学院','2015','','2019-11-08','2019-11-11 00:17:55','2019-11-11 00:22:15'),(300450,'100019','国教学院管理员','/hub/images/default.jpg','18720582563','12345@qq.com',0,0,'国际教育学院','2015','','2019-11-08','2019-11-11 00:17:55','2019-11-11 00:22:41'),(300467,'17207303','学生003','/hub/images/default.jpg','18720582563','12345@qq.com',0,1,'软件学院','2015','物联网工程','2019-11-04','2019-11-11 00:36:01','2019-11-11 00:36:01'),(300468,'17207304','学生004','/hub/images/default.jpg','18720582563','12345@qq.com',0,1,'软件学院','2015','物联网工程','2019-11-04','2019-11-11 00:36:01','2019-11-11 00:36:01'),(300469,'17207305','学生005','/hub/images/default.jpg','18720582563','12345@qq.com',0,1,'软件学院','2015','物联网工程','2019-11-04','2019-11-11 00:36:01','2019-11-11 00:36:01'),(300470,'17207306','学生006','/hub/images/default.jpg','18720582563','12345@qq.com',0,1,'软件学院','2015','物联网工程','2019-11-04','2019-11-11 00:36:01','2019-11-11 00:36:01'),(300471,'17207307','学生007','/hub/images/default.jpg','18720582563','12345@qq.com',0,1,'软件学院','2015','物联网工程','2019-11-04','2019-11-11 00:36:01','2019-11-11 00:36:01'),(300472,'17207308','学生008','/hub/images/default.jpg','18720582563','12345@qq.com',0,1,'软件学院','2015','物联网工程','2019-11-04','2019-11-11 00:36:01','2019-11-11 00:36:01'),(300473,'17207309','学生009','/hub/images/default.jpg','18720582563','12345@qq.com',0,1,'软件学院','2015','物联网工程','2019-11-04','2019-11-11 00:36:01','2019-11-11 00:36:01'),(300474,'17207310','学生010','/hub/images/default.jpg','18720582563','12345@qq.com',0,1,'软件学院','2015','物联网工程','2019-11-04','2019-11-11 00:36:01','2019-11-11 00:36:01'),(300475,'17207311','学生011','/hub/images/default.jpg','18720582563','12345@qq.com',0,1,'软件学院','2015','物联网工程','2019-11-04','2019-11-11 00:36:01','2019-11-11 00:36:01'),(300476,'17207312','学生012','/hub/images/default.jpg','18720582563','12345@qq.com',0,1,'软件学院','2015','物联网工程','2019-11-04','2019-11-11 00:36:01','2019-11-11 00:36:01'),(300477,'17207313','学生013','/hub/images/default.jpg','18720582563','12345@qq.com',0,1,'软件学院','2015','物联网工程','2019-11-04','2019-11-11 00:36:01','2019-11-11 00:36:01'),(300478,'17207314','学生014','/hub/images/default.jpg','18720582563','12345@qq.com',0,1,'软件学院','2015','物联网工程','2019-11-04','2019-11-11 00:36:01','2019-11-11 00:36:01'),(300479,'17207315','学生015','/hub/images/default.jpg','18720582563','12345@qq.com',0,1,'软件学院','2015','物联网工程','2019-11-04','2019-11-11 00:36:01','2019-11-11 00:36:01'),(300480,'17207316','学生016','/hub/images/default.jpg','18720582563','12345@qq.com',0,1,'软件学院','2015','物联网工程','2019-11-04','2019-11-11 00:36:01','2019-11-11 00:36:01'),(300481,'17207317','学生017','/hub/images/default.jpg','18720582563','12345@qq.com',0,1,'软件学院','2015','物联网工程','2019-11-04','2019-11-11 00:36:01','2019-11-11 00:36:01'),(300482,'17207318','学生018','/hub/images/default.jpg','18720582563','12345@qq.com',0,1,'软件学院','2015','物联网工程','2019-11-04','2019-11-11 00:36:01','2019-11-11 00:36:01'),(300483,'17207319','学生019','/hub/images/default.jpg','18720582563','12345@qq.com',0,1,'软件学院','2015','物联网工程','2019-11-04','2019-11-11 00:36:01','2019-11-11 00:36:01'),(300484,'17207320','学生020','/hub/images/default.jpg','18720582563','12345@qq.com',0,1,'软件学院','2015','物联网工程','2019-11-04','2019-11-11 00:36:01','2019-11-11 00:36:01'),(300487,'40000001','指导老师001','/hub/images/default.jpg','18720520563','12345@qq.com',0,0,'软件学院','2015',NULL,'2019-11-04','2019-11-11 00:47:49','2019-11-11 00:47:49'),(300488,'40000002','指导老师002','/hub/images/default.jpg','18720520563','12345@qq.com',0,0,'软件学院','2015',NULL,'2019-11-04','2019-11-11 00:47:49','2019-11-11 00:47:49'),(300489,'40000003','指导老师003','/hub/images/default.jpg','18720520563','12345@qq.com',0,0,'软件学院','2015',NULL,'2019-11-04','2019-11-11 00:47:49','2019-11-11 00:47:49'),(300490,'40000004','指导老师004','/hub/images/default.jpg','18720520563','12345@qq.com',0,0,'软件学院','2015',NULL,'2019-11-04','2019-11-11 00:47:49','2019-11-11 00:47:49'),(300491,'40000005','指导老师005','/hub/images/default.jpg','18720520563','12345@qq.com',0,0,'软件学院','2015',NULL,'2019-11-04','2019-11-11 00:47:49','2019-11-11 00:47:49'),(300492,'20000001','评审专家组001','/hub/images/default.jpg','18720563250','12345@qq.com',0,0,'软件学院','2015',NULL,'2019-11-04','2019-11-11 00:49:10','2019-11-11 00:49:10'),(300493,'20000002','评审专家组002','/hub/images/default.jpg','18720563250','12345@qq.com',0,0,'软件学院','2015',NULL,'2019-11-04','2019-11-11 00:49:10','2019-11-11 00:49:10'),(300494,'20000003','评审专家组003','/hub/images/default.jpg','18720563250','12345@qq.com',0,0,'软件学院','2015',NULL,'2019-11-04','2019-11-11 00:49:10','2019-11-11 00:49:10'),(300495,'20000004','评审专家组004','/hub/images/default.jpg','18720563250','12345@qq.com',0,0,'软件学院','2015',NULL,'2019-11-04','2019-11-11 00:49:10','2019-11-11 00:49:10'),(300496,'20000005','评审专家组005','/hub/images/default.jpg','18720563250','12345@qq.com',0,0,'软件学院','2015',NULL,'2019-11-04','2019-11-11 00:49:10','2019-11-11 00:49:10'),(300497,'30000001','校内专家','/hub/images/default.jpg','18750520362','12345@qq.com',0,1,'南昌航空大学','2015',NULL,'2019-11-04','2019-11-11 00:52:40','2019-11-11 00:52:40'),(300498,NULL,'未命名','/hub/images/default.jpg',NULL,'12345@qq.com',0,0,'南昌航空大学','2015',NULL,NULL,'2019-11-11 00:53:27','2019-11-11 00:53:27'),(300499,'16015001','材料学生001','/hub/images/default.jpg','18720780586','12345@qq.com',0,0,'材料科学与工程学院','2015',NULL,'2019-11-05','2019-11-11 00:56:26','2019-11-11 00:56:26'),(300500,'16015002','材料学生002','/hub/images/default.jpg','18720780586','12345@qq.com',0,0,'材料科学与工程学院','2015',NULL,'2019-11-05','2019-11-11 00:56:26','2019-11-11 00:56:26'),(300501,'16015003','材料学生003','/hub/images/default.jpg','18720780586','12345@qq.com',0,0,'材料科学与工程学院','2015',NULL,'2019-11-05','2019-11-11 00:56:26','2019-11-11 00:56:26'),(300502,'16015004','材料学生004','/hub/images/default.jpg','18720780586','12345@qq.com',0,0,'材料科学与工程学院','2015',NULL,'2019-11-05','2019-11-11 00:56:26','2019-11-11 00:56:26'),(300503,'16015005','材料学生005','/hub/images/default.jpg','18720780586','12345@qq.com',0,0,'材料科学与工程学院','2015',NULL,'2019-11-05','2019-11-11 00:56:26','2019-11-11 00:56:26'),(300504,'16015006','材料学生006','/hub/images/default.jpg','18720780586','12345@qq.com',0,0,'材料科学与工程学院','2015',NULL,'2019-11-05','2019-11-11 00:56:26','2019-11-11 00:56:26'),(300505,'16015007','材料学生007','/hub/images/default.jpg','18720780586','12345@qq.com',0,0,'材料科学与工程学院','2015',NULL,'2019-11-05','2019-11-11 00:56:26','2019-11-11 00:56:26'),(300506,'16015008','材料学生008','/hub/images/default.jpg','18720780586','12345@qq.com',0,0,'材料科学与工程学院','2015',NULL,'2019-11-05','2019-11-11 00:56:26','2019-11-11 00:56:26'),(300507,'16015009','材料学生009','/hub/images/default.jpg','18720780586','12345@qq.com',0,0,'材料科学与工程学院','2015',NULL,'2019-11-05','2019-11-11 00:56:26','2019-11-11 00:56:26'),(300508,'16015010','材料学生010','/hub/images/default.jpg','18720780586','12345@qq.com',0,0,'材料科学与工程学院','2015',NULL,'2019-11-05','2019-11-11 00:56:26','2019-11-11 00:56:26'),(300509,'16015011','材料学生011','/hub/images/default.jpg','18720780586','12345@qq.com',0,0,'材料科学与工程学院','2015',NULL,'2019-11-05','2019-11-11 00:56:26','2019-11-11 00:56:26'),(300510,'16015012','材料学生012','/hub/images/default.jpg','18720780586','12345@qq.com',0,0,'材料科学与工程学院','2015',NULL,'2019-11-05','2019-11-11 00:56:26','2019-11-11 00:56:26'),(300511,'16015013','材料学生013','/hub/images/default.jpg','18720780586','12345@qq.com',0,0,'材料科学与工程学院','2015',NULL,'2019-11-05','2019-11-11 00:56:26','2019-11-11 00:56:26'),(300512,'16015014','材料学生014','/hub/images/default.jpg','18720780586','12345@qq.com',0,0,'材料科学与工程学院','2015',NULL,'2019-11-05','2019-11-11 00:56:26','2019-11-11 00:56:26'),(300513,'16015015','材料学生015','/hub/images/default.jpg','18720780586','12345@qq.com',0,0,'材料科学与工程学院','2015',NULL,'2019-11-05','2019-11-11 00:56:26','2019-11-11 00:56:26'),(300514,'16015016','材料学生016','/hub/images/default.jpg','18720780586','12345@qq.com',0,0,'材料科学与工程学院','2015',NULL,'2019-11-05','2019-11-11 00:56:26','2019-11-11 00:56:26'),(300515,'16015017','材料学生017','/hub/images/default.jpg','18720780586','12345@qq.com',0,0,'材料科学与工程学院','2015',NULL,'2019-11-05','2019-11-11 00:56:26','2019-11-11 00:56:26'),(300516,'16015018','材料学生018','/hub/images/default.jpg','18720780586','12345@qq.com',0,0,'材料科学与工程学院','2015',NULL,'2019-11-05','2019-11-11 00:56:26','2019-11-11 00:56:26'),(300517,'16015019','材料学生019','/hub/images/default.jpg','18720780586','12345@qq.com',0,0,'材料科学与工程学院','2015',NULL,'2019-11-05','2019-11-11 00:56:26','2019-11-11 00:56:26'),(300518,'16015020','材料学生020','/hub/images/default.jpg','18720780586','12345@qq.com',0,0,'材料科学与工程学院','2015',NULL,'2019-11-05','2019-11-11 00:56:26','2019-11-11 00:56:26'),(300519,'41000001','材料老师001','/hub/images/default.jpg','18720530486','12345@qq.com',0,1,'材料科学与工程学院','2015',NULL,'2019-11-05','2019-11-11 00:59:08','2019-11-11 00:59:08'),(300520,'41000002','材料老师002','/hub/images/default.jpg','18720530486','12345@qq.com',0,1,'材料科学与工程学院','2015',NULL,'2019-11-05','2019-11-11 00:59:08','2019-11-11 00:59:08'),(300521,'41000003','材料老师003','/hub/images/default.jpg','18720530486','12345@qq.com',0,1,'材料科学与工程学院','2015',NULL,'2019-11-05','2019-11-11 00:59:08','2019-11-11 00:59:08'),(300522,'41000004','材料老师004','/hub/images/default.jpg','18720530486','12345@qq.com',0,1,'材料科学与工程学院','2015',NULL,'2019-11-05','2019-11-11 00:59:08','2019-11-11 00:59:08'),(300523,'41000005','材料老师005','/hub/images/default.jpg','18720530486','12345@qq.com',0,1,'材料科学与工程学院','2015',NULL,'2019-11-05','2019-11-11 00:59:08','2019-11-11 00:59:08'),(300524,'20000006','评审专家组006','/hub/images/default.jpg','10086','10086@qq.com',0,0,'软件学院','2015',NULL,'2020-01-01','2020-01-01 16:39:00','2020-01-01 16:39:00');

/*Table structure for table `ieps_user_item` */

DROP TABLE IF EXISTS `ieps_user_item`;

CREATE TABLE `ieps_user_item` (
  `id` int(11) NOT NULL AUTO_INCREMENT COMMENT '用户项目id',
  `user_num` varchar(20) DEFAULT NULL COMMENT '用户id',
  `item_num` varchar(20) DEFAULT NULL COMMENT '项目id',
  `identity` int(11) DEFAULT NULL COMMENT '身份标识：负责人/成员/指导老师/院内评委/院内评委组长/校内评委/校内评委组长',
  `create_time` datetime DEFAULT CURRENT_TIMESTAMP COMMENT '创建时间',
  `update_time` datetime DEFAULT CURRENT_TIMESTAMP COMMENT '更新时间',
  PRIMARY KEY (`id`)
) ENGINE=InnoDB AUTO_INCREMENT=23 DEFAULT CHARSET=utf8;

/*Data for the table `ieps_user_item` */

insert  into `ieps_user_item`(`id`,`user_num`,`item_num`,`identity`,`create_time`,`update_time`) values (1,'17207303','20200141467654',2,'2020-01-01 15:10:23','2020-01-01 15:10:23'),(2,'40000001','20200141467654',3,'2020-01-01 15:10:23','2020-01-01 15:10:23'),(3,'','20200141467654',1,'2020-01-01 15:10:23','2020-01-01 15:10:23'),(4,'','20200141467654',1,'2020-01-01 15:10:23','2020-01-01 15:10:23'),(5,'17207304','20200129132539',2,'2020-01-01 15:29:46','2020-01-01 15:29:46'),(6,'40000002','20200129132539',3,'2020-01-01 15:29:46','2020-01-01 15:29:46'),(7,'','20200129132539',1,'2020-01-01 15:29:46','2020-01-01 15:29:46'),(8,'','20200129132539',1,'2020-01-01 15:29:46','2020-01-01 15:29:46'),(9,'17207305','20200176962000',2,'2020-01-01 15:37:58','2020-01-01 15:37:58'),(10,'40000003','20200176962000',3,'2020-01-01 15:37:58','2020-01-01 15:37:58'),(11,'','20200176962000',1,'2020-01-01 15:37:58','2020-01-01 15:37:58'),(12,'','20200176962000',1,'2020-01-01 15:37:58','2020-01-01 15:37:58'),(13,'17207306','20200100361696',2,'2020-01-01 16:18:23','2020-01-01 16:18:23'),(14,'40000004','20200100361696',3,'2020-01-01 16:18:23','2020-01-01 16:18:23'),(15,'','20200100361696',1,'2020-01-01 16:18:23','2020-01-01 16:18:23'),(16,'','20200100361696',1,'2020-01-01 16:18:23','2020-01-01 16:18:23'),(17,'17207307','20200102856995',2,'2020-01-01 16:22:20','2020-01-01 16:22:20'),(18,'40000005','20200102856995',3,'2020-01-01 16:22:20','2020-01-01 16:22:20'),(19,'','20200102856995',1,'2020-01-01 16:22:20','2020-01-01 16:22:20'),(20,'','20200102856995',1,'2020-01-01 16:22:20','2020-01-01 16:22:20');

/*Table structure for table `ieps_user_role` */

DROP TABLE IF EXISTS `ieps_user_role`;

CREATE TABLE `ieps_user_role` (
  `id` int(11) NOT NULL AUTO_INCREMENT COMMENT '用户角色id',
  `user_num` varchar(20) DEFAULT NULL COMMENT '用户num',
  `role_id` int(11) DEFAULT NULL COMMENT '角色id',
  `create_time` datetime DEFAULT CURRENT_TIMESTAMP COMMENT '创建时间',
  `update_time` datetime DEFAULT CURRENT_TIMESTAMP COMMENT '更新时间',
  PRIMARY KEY (`id`)
) ENGINE=InnoDB AUTO_INCREMENT=210553 DEFAULT CHARSET=utf8;

/*Data for the table `ieps_user_role` */

insert  into `ieps_user_role`(`id`,`user_num`,`role_id`,`create_time`,`update_time`) values (210001,'100001',200006,'2019-05-21 23:05:09','2019-05-21 23:05:09'),(210463,'100002',200004,'2019-11-11 00:03:48','2019-11-11 00:03:48'),(210464,'100003',200004,'2019-11-11 00:03:48','2019-11-11 00:03:48'),(210465,'100004',200004,'2019-11-11 00:03:48','2019-11-11 00:03:48'),(210466,'100005',200004,'2019-11-11 00:03:48','2019-11-11 00:03:48'),(210467,'100006',200004,'2019-11-11 00:03:48','2019-11-11 00:03:48'),(210468,'100007',200004,'2019-11-11 00:03:48','2019-11-11 00:03:48'),(210469,'100008',200004,'2019-11-11 00:03:48','2019-11-11 00:03:48'),(210470,'100009',200004,'2019-11-11 00:03:48','2019-11-11 00:03:48'),(210471,'100010',200004,'2019-11-11 00:03:48','2019-11-11 00:03:48'),(210472,'100011',200004,'2019-11-11 00:03:48','2019-11-11 00:03:48'),(210473,'100012',200004,'2019-11-11 00:17:55','2019-11-11 00:17:55'),(210474,'100013',200004,'2019-11-11 00:17:55','2019-11-11 00:17:55'),(210475,'100014',200004,'2019-11-11 00:17:55','2019-11-11 00:17:55'),(210476,'100015',200004,'2019-11-11 00:17:55','2019-11-11 00:17:55'),(210477,'100016',200004,'2019-11-11 00:17:55','2019-11-11 00:17:55'),(210478,'100017',200004,'2019-11-11 00:17:55','2019-11-11 00:17:55'),(210479,'100018',200004,'2019-11-11 00:17:55','2019-11-11 00:17:55'),(210480,'100019',200004,'2019-11-11 00:17:55','2019-11-11 00:17:55'),(210481,'100020',200004,'2019-11-11 00:17:55','2019-11-11 00:17:55'),(210482,'100021',200004,'2019-11-11 00:17:55','2019-11-11 00:17:55'),(210483,'10000008',200001,'2019-11-11 00:23:31','2019-11-11 00:23:31'),(210484,'10000009',200001,'2019-11-11 00:23:31','2019-11-11 00:23:31'),(210485,'10000010',200001,'2019-11-11 00:23:31','2019-11-11 00:23:31'),(210486,'10000011',200001,'2019-11-11 00:23:31','2019-11-11 00:23:31'),(210487,'10000012',200001,'2019-11-11 00:23:31','2019-11-11 00:23:31'),(210488,'66',200001,'2019-11-11 00:25:39','2019-11-11 00:25:39'),(210489,'67',200001,'2019-11-11 00:25:40','2019-11-11 00:25:40'),(210490,'55',200001,'2019-11-11 00:27:42','2019-11-11 00:27:42'),(210491,'56',200001,'2019-11-11 00:27:42','2019-11-11 00:27:42'),(210496,'17207303',200001,'2019-11-11 00:36:01','2019-11-11 00:36:01'),(210497,'17207304',200001,'2019-11-11 00:36:01','2019-11-11 00:36:01'),(210498,'17207305',200001,'2019-11-11 00:36:01','2019-11-11 00:36:01'),(210499,'17207306',200001,'2019-11-11 00:36:01','2019-11-11 00:36:01'),(210500,'17207307',200001,'2019-11-11 00:36:01','2019-11-11 00:36:01'),(210501,'17207308',200001,'2019-11-11 00:36:01','2019-11-11 00:36:01'),(210502,'17207309',200001,'2019-11-11 00:36:01','2019-11-11 00:36:01'),(210503,'17207310',200001,'2019-11-11 00:36:01','2019-11-11 00:36:01'),(210504,'17207311',200001,'2019-11-11 00:36:01','2019-11-11 00:36:01'),(210505,'17207312',200001,'2019-11-11 00:36:01','2019-11-11 00:36:01'),(210506,'17207313',200001,'2019-11-11 00:36:01','2019-11-11 00:36:01'),(210507,'17207314',200001,'2019-11-11 00:36:01','2019-11-11 00:36:01'),(210508,'17207315',200001,'2019-11-11 00:36:01','2019-11-11 00:36:01'),(210509,'17207316',200001,'2019-11-11 00:36:01','2019-11-11 00:36:01'),(210510,'17207317',200001,'2019-11-11 00:36:01','2019-11-11 00:36:01'),(210511,'17207318',200001,'2019-11-11 00:36:01','2019-11-11 00:36:01'),(210512,'17207319',200001,'2019-11-11 00:36:01','2019-11-11 00:36:01'),(210513,'17207320',200001,'2019-11-11 00:36:01','2019-11-11 00:36:01'),(210514,'1',200001,'2019-11-11 00:37:06','2019-11-11 00:37:06'),(210515,'2',200001,'2019-11-11 00:37:06','2019-11-11 00:37:06'),(210516,'40000001',200002,'2019-11-11 00:47:49','2019-11-11 00:47:49'),(210517,'40000002',200002,'2019-11-11 00:47:49','2019-11-11 00:47:49'),(210518,'40000003',200002,'2019-11-11 00:47:49','2019-11-11 00:47:49'),(210519,'40000004',200002,'2019-11-11 00:47:49','2019-11-11 00:47:49'),(210520,'40000005',200002,'2019-11-11 00:47:49','2019-11-11 00:47:49'),(210521,'20000001',200003,'2019-11-11 00:49:10','2019-11-11 00:49:10'),(210522,'20000002',200003,'2019-11-11 00:49:10','2019-11-11 00:49:10'),(210523,'20000003',200003,'2019-11-11 00:49:10','2019-11-11 00:49:10'),(210524,'20000004',200003,'2019-11-11 00:49:10','2019-11-11 00:49:10'),(210525,'20000005',200003,'2019-11-11 00:49:10','2019-11-11 00:49:10'),(210526,'30000001',200005,'2019-11-11 00:52:40','2019-11-11 00:52:40'),(210527,'16015001',200001,'2019-11-11 00:56:26','2019-11-11 00:56:26'),(210528,'16015002',200001,'2019-11-11 00:56:26','2019-11-11 00:56:26'),(210529,'16015003',200001,'2019-11-11 00:56:26','2019-11-11 00:56:26'),(210530,'16015004',200001,'2019-11-11 00:56:26','2019-11-11 00:56:26'),(210531,'16015005',200001,'2019-11-11 00:56:26','2019-11-11 00:56:26'),(210532,'16015006',200001,'2019-11-11 00:56:26','2019-11-11 00:56:26'),(210533,'16015007',200001,'2019-11-11 00:56:26','2019-11-11 00:56:26'),(210534,'16015008',200001,'2019-11-11 00:56:26','2019-11-11 00:56:26'),(210535,'16015009',200001,'2019-11-11 00:56:26','2019-11-11 00:56:26'),(210536,'16015010',200001,'2019-11-11 00:56:26','2019-11-11 00:56:26'),(210537,'16015011',200001,'2019-11-11 00:56:26','2019-11-11 00:56:26'),(210538,'16015012',200001,'2019-11-11 00:56:26','2019-11-11 00:56:26'),(210539,'16015013',200001,'2019-11-11 00:56:26','2019-11-11 00:56:26'),(210540,'16015014',200001,'2019-11-11 00:56:26','2019-11-11 00:56:26'),(210541,'16015015',200001,'2019-11-11 00:56:26','2019-11-11 00:56:26'),(210542,'16015016',200001,'2019-11-11 00:56:26','2019-11-11 00:56:26'),(210543,'16015017',200001,'2019-11-11 00:56:26','2019-11-11 00:56:26'),(210544,'16015018',200001,'2019-11-11 00:56:26','2019-11-11 00:56:26'),(210545,'16015019',200001,'2019-11-11 00:56:26','2019-11-11 00:56:26'),(210546,'16015020',200001,'2019-11-11 00:56:26','2019-11-11 00:56:26'),(210547,'41000001',200002,'2019-11-11 00:59:08','2019-11-11 00:59:08'),(210548,'41000002',200002,'2019-11-11 00:59:08','2019-11-11 00:59:08'),(210549,'41000003',200002,'2019-11-11 00:59:08','2019-11-11 00:59:08'),(210550,'41000004',200002,'2019-11-11 00:59:08','2019-11-11 00:59:08'),(210551,'41000005',200002,'2019-11-11 00:59:08','2019-11-11 00:59:08'),(210552,'20000006',200003,'2020-01-01 16:39:00','2020-01-01 16:39:00');

/*!40101 SET SQL_MODE=@OLD_SQL_MODE */;
/*!40014 SET FOREIGN_KEY_CHECKS=@OLD_FOREIGN_KEY_CHECKS */;
/*!40014 SET UNIQUE_CHECKS=@OLD_UNIQUE_CHECKS */;
/*!40111 SET SQL_NOTES=@OLD_SQL_NOTES */;
